{
  "model": "psychedelics_expert",
  "threshold_p95": -2.966815781593323,
  "threshold_p99": -2.7515209722518934,
  "thresholds": {
    "p90": -3.0749786376953123,
    "p95": -2.966815781593323,
    "p99": -2.7515209722518934
  },
  "temperature": 1.0,
  "num_samples": 6927,
  "val_accuracy": 0.9128049660747799,
  "energy_stats": {
    "mean": -3.5587189197540283,
    "std": 0.44887444376945496,
    "min": -6.634616851806641,
    "max": -2.519162654876709,
    "median": -3.4968457221984863
  },
  "classes": [
    "amanita_muscaria_toxic",
    "amanita_phalloides_deadly",
    "conocybe_filaris_deadly",
    "galerina_marginata_toxic",
    "gymnopilus_junonius",
    "other_mushroom",
    "panaeolus_cinctulus",
    "panax_quinquefolius_ginseng_conservation",
    "psilocybe_azurescens",
    "psilocybe_caerulipes",
    "psilocybe_cubensis",
    "psilocybe_cyanescens",
    "psilocybe_ovoideocystidiata",
    "psilocybe_semilanceata"
  ]
}